output,parameter,first_order,total_order
final_mn_kda,scission_rate_inv_kda_day,0.5249010543503627,0.6187969076517145
final_mn_kda,autocatalysis_per_acid,0.041075744002184236,0.2249968979700197
final_mn_kda,acid_diffusivity_mm2_day,0.16206937386097445,0.15858069562916044
final_mn_kda,mass_transfer_mm_day,0.047083066228723686,0.1374628563297036
final_mn_kda,chemicrystallization_gain,0.02331055458099209,0.010656794907949185
final_mn_kda,dissolution_rate_per_day,-0.0020131283372570915,0.0008504706319275957
mass_retention,scission_rate_inv_kda_day,0.4900404122286735,0.6286043476425454
mass_retention,autocatalysis_per_acid,0.4226764652321442,0.5613845393868859
mass_retention,acid_diffusivity_mm2_day,0.815728052067258,0.7578275106539298
mass_retention,mass_transfer_mm_day,0.19069031840703912,0.3440525497072344
mass_retention,chemicrystallization_gain,0.08522375301040062,0.04463604692507412
mass_retention,dissolution_rate_per_day,0.029384523036915376,0.020535337114810325
weakest_strength_fraction,scission_rate_inv_kda_day,0.46551727247377206,0.5615663800131604
weakest_strength_fraction,autocatalysis_per_acid,0.09480058834080617,0.24246595503912646
weakest_strength_fraction,acid_diffusivity_mm2_day,0.21966311700660074,0.23720130657600752
weakest_strength_fraction,mass_transfer_mm_day,0.03219558146615052,0.09559269266548368
weakest_strength_fraction,chemicrystallization_gain,0.018883666066585782,0.008520490070423237
weakest_strength_fraction,dissolution_rate_per_day,-0.0005069840650090738,2.792200470542178e-06
