time_days,mean_mn_kda,mass_retention,modulus_parallel_fraction,modulus_series_fraction,strength_weakest_fraction
0.0,42.02999999999999,1.0,1.0,1.0,1.0
5.0,41.61179890306756,1.0,0.9974670583288892,0.9974670583269449,0.9894166431869683
10.0,41.19173460735295,1.0,0.9951295390855248,0.9951295390272586,0.978766704585793
15.0,40.77080535961558,1.0,0.9929703170461012,0.992970316668597,0.9680681877463805
20.0,40.34990038534384,1.0,0.9909734053878382,0.9909734040681368,0.9573435132496164
25.0,39.92982034625427,1.0,0.9891239817570344,0.9891239784408918,0.9466151305409035
30.0,39.51128610637016,1.0,0.9874083397035088,0.9874083329044934,0.9359040218498454
35.0,39.09494422201318,1.0,0.9858138244666635,0.9858138123083146,0.9252293067542308
40.0,38.6813716217148,1.0,0.9843287633176239,0.9843287435969136,0.9146081957448879
45.0,38.271080271804855,1.0,0.9829423906204139,0.9829423608785127,0.904056065120291
50.0,37.86452118068146,1.0,0.981644803416223,0.9816447610071138,0.8935865483836412
55.0,37.462089032200666,1.0,0.980426890410682,0.980426832563211,0.8832116583841348
60.0,37.06412611301537,1.0,0.9792802909819177,0.979280214852197,0.8729418946791867
65.0,36.67092674609059,1.0,0.9781973316323902,0.9781972343464145,0.8627863666510901
70.0,36.28274115477483,1.0,0.9771709828484293,0.9771708615347132,0.8527529019617159
75.0,35.89977926572952,1.0,0.9761948139878199,0.9761946658010322,0.8428481539046806
80.0,35.522214313740136,1.0,0.975262950971792,0.9752627731085558,0.8330777036781734
85.0,35.150186241851614,1.0,0.9743700366230477,0.9743698263311963,0.8234461572636376
90.0,34.78380489814227,1.0,0.9735111929183884,0.9735109475009791,0.8139572368329024
95.0,34.42315301249828,1.0,0.9726819861111319,0.9726817029263625,0.8046138661580038
100.0,34.06828897066474,1.0,0.9718783935075461,0.9718780699656665,0.7954182504216238
105.0,33.71924938117957,1.0,0.9710967724387872,0.9710964059968907,0.7863719502647474
110.0,33.376051444679,1.0,0.9703338311094541,0.9703334192649195,0.777475950292376
115.0,33.03869513260352,1.0,0.9695866013013605,0.9695861415845419,0.7687307222033226
120.0,32.70716518478084,1.0,0.9688524128149071,0.9688519027815627,0.7601362827848881
125.0,32.38143293545431,1.0,0.9681288695734053,0.9681283067972355,0.7516922470228603
130.0,32.06145797792339,1.0,0.9674138273090426,0.9674132093746044,0.743397876599284
135.0,31.7471896780966,1.0,0.9667053727479595,0.9667046972441602,0.7352521240584535
140.0,31.438568547171418,1.0,0.9660018042229723,0.966001068737265,0.7272536729228744
145.0,31.13552748356982,1.0,0.965301613633603,0.965300815746959,0.719400974041076
150.0,30.837992893858097,1.0,0.9646034696865201,0.9646026069692227,0.7116922784403856
155.0,30.54588570212391,1.0,0.9639062023402721,0.963905272348524,0.7041256669519841
160.0,30.25912225673164,1.0,0.9632087883911704,0.963207788664503,0.696699076861606
165.0,29.977615143026068,1.0,0.9625103381289922,0.9625092661884396,0.6894103258300469
170.0,29.701273909943897,1.0,0.9618100830032813,0.9618089363502631,0.6822571333113431
175.0,29.430005718103306,1.0,0.9611073642340331,0.9611061403499039,0.6752371396857761
180.0,29.16371591632767,1.0,0.960401622311753,0.9604003186579405,0.6683479233080122
185.0,28.90230855317202,1.0,0.9596923873260224,0.9596910013447086,0.6615870156597043
190.0,28.645686829434908,1.0,0.9589792700719832,0.9589777991872509,0.6549519147796004
195.0,28.393753497275007,1.0,0.9582619538793453,0.9582603954987412,0.6484400971337061
200.0,28.146411211014335,1.0,0.9575401871178442,0.9575385386342876,0.6420490280729596
205.0,27.90356283438,1.0,0.9568137763291938,0.9568120351231842,0.6357761710162769
210.0,27.665111708458234,1.0,0.9560825799439793,0.9560807433860445,0.6296189954832415
215.0,27.43096188434195,1.0,0.9553465025388157,0.9553445679921545,0.6235749840922071
220.0,27.201018324034454,1.0,0.9546054895966252,0.9546034544198932,0.6176416386275977
225.0,26.975187072920544,1.0,0.9538595227303874,0.9538573842805963,0.6118164852728262
230.0,26.753375406752742,1.0,0.9531086153374343,0.9531063709729138,0.6060970790948471
235.0,26.535491955888755,1.0,0.9523528086493557,0.9523504557327519,0.600481007860095
240.0,26.32144680920377,1.0,0.9515921681485245,0.9515897040498056,0.5949658952526271
245.0,26.11115159992568,1.0,0.9508267803206933,0.9508242024201313,0.5895494035600444
250.0,25.904519575375225,1.0,0.9500567497182952,0.9500540554093992,0.5842292358851618
255.0,25.701465652447897,1.0,0.9492821963078805,0.949279383000273,0.5790031379370544
260.0,25.501906460451288,1.0,0.9485032530796585,0.9485003182018593,0.5738688994486961
265.0,25.305760372791084,1.0,0.9477200638961619,0.9477170048982778,0.5688243552648328
270.0,25.11294752881315,1.0,0.9469327815609861,0.9469295959172884,0.5638673861383603
275.0,24.923389847011233,1.0,0.9461415660878513,0.9461382512992362,0.5589959192705712
280.0,24.73701103065379,1.0,0.9453465831535999,0.9453431367499141,0.5542079286261413
285.0,24.55373656680546,1.0,0.9445480027182296,0.944544422260467,0.5495014350513915
290.0,24.373493719588982,1.0,0.9437459977979407,0.9437422808802904,0.5448745062206171
295.0,24.19621151847042,1.0,0.9429407433767923,0.9429368876285547,0.5403252564334042
300.0,24.021820742243495,1.0,0.9421324154450456,0.9421284185323943,0.5358518462827593
305.0,23.850253899338586,1.0,0.941321190151955,0.9413170497795598,0.5314524822123743
310.0,23.681445204993725,1.0,0.94050724306291,0.940502956975413,0.5271254159788058
315.0,23.51533055578481,1.0,0.9396907485105948,0.9396863144939415,0.5228689440331489
320.0,23.35184750193998,1.0,0.9388718790316236,0.9388672949142606,0.518681406834691
325.0,23.190935217831367,1.0,0.9380508048799848,0.9380460685339091,0.5145611881080927
330.0,23.0325344709779,1.0,0.9372276936100882,0.9372228029517745,0.5105067140539133
335.0,22.876587589868425,1.0,0.9364027097221674,0.9363976627133574,0.5065164525215722
340.0,22.723038430865074,1.0,0.9355760143640074,0.9355708090123767,0.5025889121524132
345.0,22.57183234442836,1.0,0.934747765082935,0.934742399442641,0.49872264149997764
350.0,22.422916140864757,1.0,0.9339181156230568,0.9339125877951716,0.49491622813342684
355.0,22.276238055783608,1.0,0.9330872157627028,0.9330815238955339,0.49116829772962145
360.0,22.131747715416715,1.0,0.9322552111879061,0.932249353477217,0.4874775131584119
365.0,21.989396101943544,1.0,0.9314222433977561,0.9314162180868861,0.4838425735653682
370.0,21.84913551893762,1.0,0.930588449638166,0.9305822550180578,0.4802622134553943
375.0,21.710919557041986,1.0,0.9297539628606332,0.9297475972697741,0.4767352017804313
380.0,21.57470305995921,1.0,0.9289189117031439,0.9289123735274226,0.4732603410338142
385.0,21.440442090835706,1.0,0.9280834204904094,0.9280767081629009,0.4698364663536685
390.0,21.308093899102147,1.0,0.9272476092511064,0.9272407212517848,0.4664624446372139
395.0,21.177616887827654,1.0,0.9264115937498298,0.9264045286052145,0.46313717366771234
400.0,21.048970581630464,1.0,0.9255754855318498,0.9255682418145916,0.4598595812553772
405.0,20.92211559518544,1.0,0.9247393919788193,0.9247319683072333,0.45662862439346785
410.0,20.79701360235639,1.0,0.9239034163738871,0.9238958114114342,0.4534432884304549
415.0,20.67362730597974,1.0,0.9230676579747217,0.9230598704294418,0.4503025862590767
420.0,20.551920408315993,1.0,0.9222322120931927,0.9222242407171031,0.4472055575228337
425.0,20.43185758218502,1.0,0.9213971701805254,0.9213890137689731,0.44415126784043224
430.0,20.313404442792407,1.0,0.9205626199169162,0.9205542773079034,0.44113880804845684
435.0,20.19652752025498,1.0,0.9197286453046682,0.919720115378149,0.43816729346254096
440.0,20.08119423282574,1.0,0.9188953267640586,0.9188866084412032,0.43523586315711893
445.0,19.96737286081989,1.0,0.9180627412311713,0.9180538334736192,0.43234367926383677
450.0,19.855032521237334,1.0,0.9172309622571042,0.9172218640661854,0.4294899262885561
455.0,19.744143143078396,1.0,0.9164000601079318,0.9163907705238831,0.4266738104468875
460.0,19.634675443344403,1.0,0.9155701018649786,0.9155606199661397,0.4238945590180722
465.0,19.526600903716098,1.0,0.9147411515249242,0.9147314764269274,0.42115141971704534
470.0,19.41989174789917,1.0,0.913913270099396,0.913903400954345,0.4184436600844161
475.0,19.314520919627046,1.0,0.9130865157136976,0.9130764517093445,0.4157705668941208
480.0,19.210462061308238,1.0,0.9122609437044074,0.9122506840633199,0.41313144557842774
485.0,19.107689493306875,1.0,0.9114366067155908,0.9114261506943246,0.4105256196699926
490.0,19.006178193842185,1.0,0.9106135547934341,0.9106029016817028,0.40795243026060596
495.0,18.905903779494466,1.0,0.9097918354791137,0.9097809845989578,0.40541123547629443
500.0,18.806842486302582,1.0,0.9089714938997722,0.9089604446047362,0.40290140996839213
505.0,18.70897115143957,1.0,0.9081525728574702,0.9081413245317828,0.4004223444202217
510.0,18.6122671954515,1.0,0.9073351129160266,0.9073236649737865,0.3979734450689876
515.0,18.51670860504539,1.0,0.906519152485676,0.9065075043700441,0.39555413324250893
520.0,18.422273916411118,1.0,0.9057047279054785,0.905692879087881,0.3931638449103912
525.0,18.328942199063665,1.0,0.9048918735234563,0.9048798235027958,0.39080203024925825
530.0,18.23669304019034,1.0,0.9040806217744185,0.9040683700762941,0.38846815322164807
535.0,18.145506529489353,1.0,0.9032710032554732,0.903258549431413,0.38616169116819465
540.0,18.055363244485076,1.0,0.9024630467992136,0.9024503904259195,0.38388213441270674
545.0,17.966244236306466,1.0,0.9016567795446063,0.9016439202232072,0.3816289858797738
550.0,17.878131015914246,1.0,0.9008522270055674,0.900839164360889,0.3794017607245194
555.0,17.79100554076401,1.0,0.9000494131372851,0.9000361468171301,0.377199985974144
560.0,17.70485020189143,1.0,0.8992483604002858,0.8992348900747298,0.3750232001808888
565.0,17.619647811406715,1.0,0.8984490898223094,0.8984354151830064,0.3728709530860774
570.0,17.535381590385676,1.0,0.8976516210580048,0.8976377418175118,0.37074280529488135
575.0,17.45203515714475,1.0,0.8968559724465072,0.89684188833762,0.36863832796147983
580.0,17.369592515888023,1.0,0.8960621610669401,0.8960478718420403,0.36655710248427614
585.0,17.288038045714124,1.0,0.8952702027918809,0.8952557082223056,0.364498720210858
590.0,17.207356489971843,1.0,0.8944801123388556,0.8944654122142713,0.36246278215237937
595.0,17.127532945952755,1.0,0.8936919033199022,0.8936769974477009,0.3604488987070663
600.0,17.04855285491039,1.0,0.8929055882892543,0.8928904764939608,0.358456689392544
605.0,16.97040199239482,1.0,0.8921211787892162,0.8921058609119094,0.3564857825867016
610.0,16.893066458892896,1.0,0.8913386853942606,0.8913231612920093,0.3545358152768095
615.0,16.816532670763518,1.0,0.8905581177534195,0.8905423872987328,0.3526064328166209
620.0,16.740787351458792,1.0,0.8897794846310111,0.8897635477113036,0.35069728869119104
625.0,16.66581752302115,1.0,0.8890027939457666,0.8889866504628362,0.34880804428915924
630.0,16.59161049784763,1.0,0.8882280528084028,0.8882117026779208,0.34693836868224437
635.0,16.51815387071229,1.0,0.887455267557693,0.8874387107087109,0.3450879384117145
640.0,16.44543551103829,1.0,0.886684443795093,0.8866676801695613,0.34325643728159644
645.0,16.373443555411185,1.0,0.8859155864179693,0.8858986159702664,0.34144355615840094
650.0,16.302166400325582,1.0,0.885148699651474,0.8851315223479556,0.3396489927771438
655.0,16.23159269515723,1.0,0.8843837870791331,0.884366402897686,0.3378724515534524
660.0,16.16171133535307,1.0,0.88362085167217,0.8836032606017827,0.336113643401554
665.0,16.092511455832096,1.0,0.8828598958176339,0.8828420978579785,0.334372285557947
670.0,16.023982424589683,1.0,0.8821009213453623,0.8820829165063879,0.3326481014105652
675.0,15.95611383649904,1.0,0.8813439295538312,0.8813257178553731,0.33094082033325
680.0,15.88889550730269,1.0,0.880588921234944,0.8805705027063352,0.32925017752535063
685.0,15.82231746778799,1.0,0.8798358966977837,0.8798172713774879,0.32757591385628343
690.0,15.756369958140708,1.0,0.8790848557913163,0.8790660237265646,0.3259177757148842
695.0,15.691043422470553,1.0,0.8783357979261396,0.8783167591725823,0.3242755148633938
700.0,15.626328503501822,1.0,0.8775887220955676,0.8775694767169337,0.32264888829589783
705.0,15.562216037426257,1.0,0.8768436268954496,0.8768241749632182,0.32103765810112017
710.0,15.498697048909902,1.0,0.8761005105434543,0.8760808521365352,0.3194415913293724
715.0,15.435762746251175,0.9999999999999999,0.8753593708972998,0.8753395061017237,0.3178604598635659
720.0,15.373404516683006,0.9999999999999999,0.8746202054724792,0.8746001343810982,0.31629404029410246
725.0,15.311613921816011,0.9999999999999999,0.8738830114590503,0.8738627341712466,0.31474211379755723
730.0,15.250382693217693,0.9999999999999999,0.87314778573766,0.8731273023590649,0.3132044660190176
